objectid,title,commonname,class,order,suborder,family,bone-type,item-code,Notes,location,subject,source,old_code,rights,rightsstatement,type,format,group,display_template,format,language,object_location,image_small,image_thumb,latitude,longitude
psychiana001,"Psychiana, A Mail Order Religion Created in the Small Town of Moscow, Idaho in 1940",2019-08-28,,Northwest Public Broadcasting,,"Short video describing Psychiana, a mail order religion that preached the New Thought Movement. In 1928, Dr. Frank B. Robinson created Psychiana in Moscow, Idaho.",youtube video,Religion; Frank B. Robinson,,,,Northwest Public Broadcasting,,"Educational use includes non-commercial use of text and images in materials for teaching and research purposes. Digital reproduction permissions granted by University of Idaho Library Special Collections and Archives Department. For other uses beyond free use, please contact University of Idaho Library Special Collections and Archives Department at libspec@uidaho.edu.",https://rightsstatements.org/vocab/InC-EDU/1.0/,Image;StillImage,image/jpg,artifact,artifact_image,video/mpeg,eng,https://youtu.be/x6eu5wj8b04,https://img.youtube.com/vi/x6eu5wj8b04/hqdefault.jpg,https://img.youtube.com/vi/x6eu5wj8b04/mqdefault.jpg,,
psychiana002,Good News,1947,yes,The Izzard Company,,"Radio program corresponding with transcript of Radio Psychiana - Series for Dr. Frank B. Robinson No. 3. Episode begins proclaiming the growth of Pyschiana and then takes listeners to Robinson's home in Moscow, Idaho, describing its appearance. A dialogue begins between a 'guide' and Robinson about miracles, healing, the God-Law, the mail Robinson receives, and the 'Life Impulse' or 'motivating spirit' that allows people to think and live with God.",radio program,God-Law; Life Spirit; Mircales; Healing; Sudent Letters; Testimonials,,"Springfield, IL",,"MG 101, Frank Bruce Robinson. Papers, 1929-1951, University of Idaho Library Special Collections and Archives","MG-101, Box 5, Tapes","Educational use includes non-commercial use of text and images in materials for teaching and research purposes. Digital reproduction permissions granted by University of Idaho Library Special Collections and Archives Department. For other uses beyond free use, please contact University of Idaho Library Special Collections and Archives Department at libspec@uidaho.edu.",https://rightsstatements.org/vocab/InC-EDU/1.0/,Sound,,,3d_model,audio/mp3,eng,/objects/good_news_06.mp3,,,39.770372,-89.639463
,,,,,,,,,,,,,,,,,,,3d_model_child,,,,,,,
,,,,,,,,,,,,,,,,,,,,,,,,,,
,,,,,,,,,,,,,,,,,,,,,,,,,,
oc001,(Atractosteus) tristoechus,Cuban Gar,Actinopterygii,Semionotiformes,N/A,Lepidosteidae,Full Mounted Skeleton ,SC 1474,,,Fish,,,,,,,,,,,,,,,
oc002,(Atractosteus) tristoechus,Cuban Gar,Actinopterygii,Semionotiformes,N/A,Lepidosteidae,"Skull, mandible ",SC 1475,Mandible broken ,,Fish,,,,,,,,,,,,,,,
oc003,Amia calva,Bowfin,Actinopterygii,Amiiformes,Amiioidei,Amiidae,Caudal fin bones,SC 1518,,,Fish,,,,,,,,,,,,,,,
oc004,,,Actinopterygii,,N/A,,Mounted Skull ,SC 1514,Species determination uncertain ,,Fish,,,,,,,,,,,,,,,
oc005,,,Actinopterygii,,N/A,,Mounted Skeleton ,SC 1515,Species determination uncertain ,,Fish,,,,,,,,,,,,,,,
oc006,Gadus morhua,Atlantic Cod,Actinopterygii,Gadiformes,Gadoidei,Gadidae,Pectoral and Pactoral girdles ,SC 1517,,,Fish,,,,,,,,,,,,,,,
oc007,,,Actinopterygii,,N/A,,Vertebrae ,SC 1519,Vertebrae of various fish species ,,Fish,,,,,,,,,,,,,,,
oc008,Lutjanus cyanopterus,Cubera Snapper,Actinopterygii,Lutjaniformes,Percoidei,Lutjanidae,Neurocranium ,SC 2009,Species identification uncertain ,,Fish,,,,,,,,,,,,,,,
oc009,Carcharhinus leucas,Bull shark,Actinopterygii,Carcharhiniformes,N/A,Carcharhinidae,Mounted Jaw bones ,SC 1516,Species Determination uncertain ,,Shark,,,,,,,,,,,,,,,
oc010,Otodus megalodon,Megalodon,Chondrichthyes,Lamniformes,Selachii,Otodontidae,Fossilized Tooth,SC 2004,"Period: Miocene, Formation: Phosphate Beds, Found in South Florida",,Shark,,,,,,,,,,,,,,,
oc011,Otodus megalodon,Megalodon,Chondrichthyes,Lamniformes,Selachii,Otodontidae,Fossilized Tooth,SC 2005,"Period: Miocene, Formation: Phosphate Beds, Found in South Florida",,Shark,,,,,,,,,,,,,,,
oc012,,,Chondrichthyes,,N/A,,Fossilized Tooth,SC 2006,,,Shark,,,,,,,,,,,,,,,
oc013,,,Chondrichthyes,,N/A,,Fossilized Tooth,SC 2007,,,Shark,,,,,,,,,,,,,,,
oc014,,,Chondrichthyes,,N/A,,Fossilized Tooth,SC 2008,,,Shark,,,,,,,,,,,,,,,
oc015,Necturus maculosus,Mudpuppy ,Amphibia,Caudata,Salamandroidea,Proteidae,Full Mounted Skeleton ,SC 1492,Specimen in glass casing ,,Salamander,,,,,,,,,,,,,,,
oc016,Necturus maculosus,Mudpuppy ,Amphibia,Caudata,Salamandroidea,Proteidae,Skull ,SC 1493,"Specimen in glass casing, skull disarticulated",,Salamander,,,,,,,,,,,,,,,
oc017,Necturus maculosus,Mudpuppy ,Amphibia,Caudata,Salamandroidea,Proteidae,Skull ,SC 1494,"Specimen in glass casing, skull disarticulated",,Salamander,,,,,,,,,,,,,,,
oc018,Necturus maculosus,Mudpuppy ,Amphibia,Caudata,Salamandroidea,Proteidae,Skull ,SC 1495,"Specimen in glass casing, skull disarticulated",,Salamander,,,,,,,,,,,,,,,
oc019,Necturus maculosus,Mudpuppy ,Amphibia,Caudata,Salamandroidea,Proteidae,Skull ,SC 1496,"Specimen in glass casing, skull disarticulated",,Salamander,,,,,,,,,,,,,,,
oc020,Necturus maculosus,Mudpuppy ,Amphibia,Caudata,Salamandroidea,Proteidae,Skull ,SC 1497,"Specimen in glass casing, skull disarticulated",,Salamander,,,,,,,,,,,,,,,
oc021,Necturus maculosus,Mudpuppy ,Amphibia,Caudata,Salamandroidea,Proteidae,Skull ,SC 1498,"Specimen in glass casing, skull disarticulated",,Salamander,,,,,,,,,,,,,,,
oc022,Rana sp. ,European Grass Frog ,Amphibia,Anura, Neobatrachia,Ranidae,Full Mounted Skeleton ,SC 1499,"Specimen in plastic, species determination uncertain ",,Frog,,,,,,,,,,,,,,,
oc023,Rana sp. ,European Grass Frog ,Amphibia,Anura, Neobatrachia,Ranidae,Full Mounted Skeleton ,SC 1500,"Specimen in plastic, species determination uncertain ",,Frog,,,,,,,,,,,,,,,
oc024,Rana sp. ,European Grass Frog ,Amphibia,Anura, Neobatrachia,Ranidae,Full Mounted Skeleton ,SC 1501,"Specimen in plastic, species determination uncertain ",,Frog,,,,,,,,,,,,,,,
oc025,Rana sp. ,European Grass Frog ,Amphibia,Anura,Neobatrachia,Ranidae,Full Mounted Skeleton ,SC 1502,"Specimen in plastic, species determination uncertain ",,Frog,,,,,,,,,,,,,,,
oc026,Rana sp. ,European Grass Frog ,Amphibia,Anura,Neobatrachia,Ranidae,Full Mounted Skeleton ,SC 1503,"Specimen in plastic, species determination uncertain ",,Frog,,,,,,,,,,,,,,,
oc027,Rana sp. ,European Grass Frog ,Amphibia,Anura,Neobatrachia,Ranidae,Full Mounted Skeleton ,SC 1504,"Specimen in plastic, species determination uncertain ",,Frog,,,,,,,,,,,,,,,
oc028,Rana sp. ,European Grass Frog ,Amphibia,Anura,Neobatrachia,Ranidae,Full Mounted Skeleton ,SC 1505,"Specimen in plastic, species determination uncertain ",,Frog,,,,,,,,,,,,,,,
oc029,Rana sp. ,European Grass Frog ,Amphibia,Anura,Neobatrachia,Ranidae,Full Mounted Skeleton ,SC 1506,"Specimen in plastic, species determination uncertain ",,Frog,,,,,,,,,,,,,,,
oc030,(Aquarana) catesbeiana,American Bullfrog,Amphibia,Anura,Neobatrachia,Ranidae,Full Mounted Skeleton ,SC 1507,,,Frog,,,,,,,,,,,,,,,
oc031,(Aquarana) catesbeiana,American Bullfrog,Amphibia,Anura,Neobatrachia,Ranidae,Full Mounted Skeleton ,SC 1508,,,Frog,,,,,,,,,,,,,,,
oc032,(Aquarana) catesbeiana,American Bullfrog,Amphibia,Anura,Neobatrachia,Ranidae,Full mounted Skeleton ,SC 1509,,,Frog,,,,,,,,,,,,,,,
oc033,(Aquarana) catesbeiana,American Bullfrog,Amphibia,Anura,Neobatrachia,Ranidae,Full mounted Skeleton ,SC 1510,,,Frog,,,,,,,,,,,,,,,
oc034,(Aquarana) catesbeiana,American Bullfrog,Amphibia,Anura,Neobatrachia,Ranidae,Full mounted Skeleton ,SC 1511,,,Frog,,,,,,,,,,,,,,,
oc035,(Aquarana) catesbeiana,American Bullfrog,Amphibia,Anura,Neobatrachia,Ranidae,Full mounted Skeleton ,SC 1512,,,Frog,,,,,,,,,,,,,,,
oc036,(Aquarana) catesbeiana,American Bullfrog,Amphibia,Anura,Neobatrachia,Ranidae,Full mounted Skeleton ,SC 1513,,,Frog,,,,,,,,,,,,,,,
oc037,(Aquarana) catesbeiana,American Bullfrog,Amphibia,Anura,Neobatrachia,Ranidae,Skull ,SC 1520,,,Frog,,,,,,,,,,,,,,,
oc038,(Aquarana) catesbeiana,American Bullfrog,Amphibia,Anura,Neobatrachia,Ranidae,Skull ,SC 1521,,,Frog,,,,,,,,,,,,,,,
oc039,(Aquarana) catesbeiana,American Bullfrog,Amphibia,Anura,Neobatrachia,Ranidae,"Skull, vertebrae",SC 1522,,,Frog,,,,,,,,,,,,,,,
oc040,Aquarana catesbeiana,American Bullfrog,Amphibia,Anura,Neobatrachia,Ranidae,Full mounted Skeleton ,SC 2000,,,Frog,,,,,,,,,,,,,,,
oc041,Anaxyrus americanus,American Toad,Amphibia,Anura,Neobatrachia,Bufonidae,Full mounted Skeleton ,SC 2001,,,Frog,,,,,,,,,,,,,,,
,Branta canadensis,Canada Goose ,Aves,Anseriformes,N/A,Anatidae,Full Mounted Skeleton ,SC 1400,,,Bird,,,,,,,,,,,,,,,
,Haliaeetus leucocephalus,Bald Eagle ,Aves,Accipitriformes,N/A,Accitripidae,Full Mounted Skeleton ,SC 1401,,,Bird,,,,,,,,,,,,,,,
,Gavia immer,(Great Northern) Loon,Aves,Gaviiformes,N/A,Gaviidae,"Skull, Mandible",SC 1402,,,Bird,,,,,,,,,,,,,,,
,Gavia immer,(Great Northern) Loon,Aves,Gaviiformes,N/A,Gaviidae,"Skull, Mandible",SC 1403,,,Bird,,,,,,,,,,,,,,,
,Gavia immer,(Great Northern) Loon,Aves,Gaviiformes,N/A,Gaviidae,"Skull, Mandible, Ocular, Sturnum Bones ",SC 1404,,,Bird,,,,,,,,,,,,,,,
,Calidris sp. ,American Knot,Aves,Charadriiformes,Scolopaci,Scolopacidae,"Skull, Mandible",SC 1405,species determination uncertain ,,Bird,,,,,,,,,,,,,,,
,Calidris sp. ,American Knot,Aves,Charadriiformes,Scolopaci,Scolopacidae,"Skull, Mandible",SC 1406,species determination uncertain ,,Bird,,,,,,,,,,,,,,,
,Anatidae,Duck ,Aves,Anseriformes,N/A,Anatidae,"Skull, Mandible",SC 1407,Specific species is unkown,,Bird,,,,,,,,,,,,,,,
,Anatidae,Duck ,Aves,Anseriformes,N/A,Anatidae,"Skull, Mandible",SC 1408,Specific species is unkown,,Bird,,,,,,,,,,,,,,,
,,Parrot,Aves,Psittaciformes,N/A,,"Skull, Mandible",SC 1409,Species determination uncertain,,Bird,,,,,,,,,,,,,,,
,,Vulture,Aves,Accipitriformes,,Catharidae or Accipitridae,"Skull, Mandible",SC 1410,,,Bird,,,,,,,,,,,,,,,
,,,Aves,Accipitriformes,,,Skull ,SC 1411,Species determination uncertain ,,Bird,,,,,,,,,,,,,,,
,,,Aves,Galliformes,,,"Skull, mandible",SC 1412,Species determination uncertain ,,Bird,,,,,,,,,,,,,,,
,Meleagris gallopavo,Common Turkey ,Aves,Galliformes,Galliformes ,Phasianidae,"Skull, Mandible ",SC 1413,,,Bird,,,,,,,,,,,,,,,
,Meleagris gallopavo,Common Turkey ,Aves,Galliformes,Galliformes ,Phasianidae,"Skull, Mandible ",SC 1414,,,Bird,,,,,,,,,,,,,,,
,Meleagris gallopavo,Common Turkey ,Aves,Galliformes,Galliformes ,Phasianidae,"Skull, Mandible ",SC 1415,,,Bird,,,,,,,,,,,,,,,
,Meleagris gallopavo,Common Turkey ,Aves,Galliformes,Galliformes ,Phasianidae,"Skull, Mandible ",SC 1416,,,Bird,,,,,,,,,,,,,,,
,Meleagris gallopavo,Common Turkey ,Aves,Galliformes,Galliformes ,Phasianidae,"Skull, Mandible ",SC 1417,,,Bird,,,,,,,,,,,,,,,
,Meleagris gallopavo,Common Turkey ,Aves,Galliformes,Galliformes ,Phasianidae,"Skull, Mandible ",SC 1418,,,Bird,,,,,,,,,,,,,,,
,Meleagris gallopavo,Common Turkey ,Aves,Galliformes,Galliformes ,Phasianidae,"Skull, Mandible ",SC 1419,,,Bird,,,,,,,,,,,,,,,
,Meleagris gallopavo,Common Turkey ,Aves,Galliformes,Galliformes ,Phasianidae,"Skull, Mandible ",SC 1420,,,Bird,,,,,,,,,,,,,,,
,Meleagris gallopavo,Common Turkey ,Aves,Galliformes,Galliformes ,Phasianidae,"Skull, Mandible ",SC 1421,,,Bird,,,,,,,,,,,,,,,
,Meleagris gallopavo,Common Turkey ,Aves,Galliformes,Galliformes ,Phasianidae,"Skull, Mandible ",SC 1422,,,Bird,,,,,,,,,,,,,,,
,Meleagris gallopavo,Common Turkey ,Aves,Galliformes,Galliformes ,Phasianidae,"Skull, Mandible ",SC 1423,,,Bird,,,,,,,,,,,,,,,
,Meleagris gallopavo,Common Turkey ,Aves,Galliformes,Galliformes ,Phasianidae,"Skull, Mandible ",SC 1424,,,Bird,,,,,,,,,,,,,,,
,Meleagris gallopavo,Common Turkey ,Aves,Galliformes,Galliformes ,Phasianidae,"Skull, Mandible ",SC 1425,,,Bird,,,,,,,,,,,,,,,
,Meleagris gallopavo,Common Turkey ,Aves,Galliformes,Galliformes ,Phasianidae,"Skull, Mandible ",SC 1426,,,Bird,,,,,,,,,,,,,,,
,Meleagris gallopavo,Common Turkey ,Aves,Galliformes,Galliformes ,Phasianidae,"Skull, Mandible ",SC 1427,,,Bird,,,,,,,,,,,,,,,
,Meleagris gallopavo,Common Turkey ,Aves,Galliformes,Galliformes ,Phasianidae,"Skull, Mandible ",SC 1428,,,Bird,,,,,,,,,,,,,,,
,Meleagris gallopavo,Common Turkey ,Aves,Galliformes,Galliformes ,Phasianidae,"Skull, Mandible ",SC 1429,,,Bird,,,,,,,,,,,,,,,
,Meleagris gallopavo,Common Turkey ,Aves,Galliformes,Galliformes ,Phasianidae,"Skull, Mandible ",SC 1430,,,Bird,,,,,,,,,,,,,,,
,Meleagris gallopavo,Common Turkey ,Aves,Galliformes,Galliformes ,Phasianidae,"Skull, Mandible ",SC 1431,,,Bird,,,,,,,,,,,,,,,
,Meleagris gallopavo,Common Turkey ,Aves,Galliformes,Galliformes ,Phasianidae,"Skull, Mandible ",SC 1432,,,Bird,,,,,,,,,,,,,,,
,Meleagris gallopavo,Common Turkey ,Aves,Galliformes,Galliformes ,Phasianidae,"Skull, Mandible ",SC 1433,,,Bird,,,,,,,,,,,,,,,
,Meleagris gallopavo,Common Turkey ,Aves,Galliformes,Galliformes ,Phasianidae,"Skull, Mandible ",SC 1434,,,Bird,,,,,,,,,,,,,,,
,Meleagris gallopavo,Common Turkey ,Aves,Galliformes,Galliformes ,Phasianidae,"Skull, Mandible ",SC 1435,,,Bird,,,,,,,,,,,,,,,
,Meleagris gallopavo,Common Turkey ,Aves,Galliformes,Galliformes ,Phasianidae,"Skull, Mandible ",SC 1436,,,Bird,,,,,,,,,,,,,,,
,Meleagris gallopavo,Common Turkey ,Aves,Galliformes,Galliformes ,Phasianidae,"Skull, Mandible ",SC 1437,,,Bird,,,,,,,,,,,,,,,
,Meleagris gallopavo,Common Turkey ,Aves,Galliformes,Galliformes ,Phasianidae,"Skull, Mandible ",SC 1438,,,Bird,,,,,,,,,,,,,,,
,Meleagris gallopavo,Common Turkey ,Aves,Galliformes,Galliformes ,Phasianidae,"Skull, Mandible ",SC 1439,,,Bird,,,,,,,,,,,,,,,
,Meleagris gallopavo,Common Turkey ,Aves,Galliformes,Galliformes ,Phasianidae,"Skull, Mandible ",SC 1440,,,Bird,,,,,,,,,,,,,,,
,Meleagris gallopavo,Common Turkey ,Aves,Galliformes,Galliformes ,Phasianidae,"Skull, Mandible ",SC 1441,,,Bird,,,,,,,,,,,,,,,
,Meleagris gallopavo,Common Turkey ,Aves,Galliformes,Galliformes ,Phasianidae,"Skull, Mandible ",SC 1442,,,Bird,,,,,,,,,,,,,,,
,Meleagris gallopavo,Common Turkey ,Aves,Galliformes,Galliformes ,Phasianidae,"Skull, Mandible ",SC 1443,,,Bird,,,,,,,,,,,,,,,
,Meleagris gallopavo,Common Turkey ,Aves,Galliformes,Galliformes ,Phasianidae,"Skull, Mandible ",SC 1444,,,Bird,,,,,,,,,,,,,,,
,Meleagris gallopavo,Common Turkey ,Aves,Galliformes,Galliformes ,Phasianidae,"Skull, Mandible ",SC 1445,,,Bird,,,,,,,,,,,,,,,
,Meleagris gallopavo,Common Turkey ,Aves,Galliformes,Galliformes ,Phasianidae,"Skull, Mandible ",SC 1446,,,Bird,,,,,,,,,,,,,,,
,Meleagris gallopavo,Common Turkey ,Aves,Galliformes,Galliformes ,Phasianidae,"Skull, Mandible ",SC 1447,,,Bird,,,,,,,,,,,,,,,
,Meleagris gallopavo,Common Turkey ,Aves,Galliformes,Galliformes ,Phasianidae,"Skull, Mandible ",SC 1448,,,Bird,,,,,,,,,,,,,,,
,Meleagris gallopavo,Common Turkey ,Aves,Galliformes,Galliformes ,Phasianidae,"Skull, Mandible ",SC 1449,,,Bird,,,,,,,,,,,,,,,
,Meleagris gallopavo,Common Turkey ,Aves,Galliformes,Galliformes ,Phasianidae,"Skull, Mandible ",SC 1450,,,Bird,,,,,,,,,,,,,,,
,Meleagris gallopavo,Common Turkey ,Aves,Galliformes,Galliformes ,Phasianidae,"Skull, Mandible ",SC 1451,,,Bird,,,,,,,,,,,,,,,
,Meleagris gallopavo,Common Turkey ,Aves,Galliformes,Galliformes ,Phasianidae,"Skull, Mandible ",SC 1452,,,Bird,,,,,,,,,,,,,,,
,Meleagris gallopavo,Common Turkey ,Aves,Galliformes,Galliformes ,Phasianidae,"Skull, Mandible ",SC 1453,,,Bird,,,,,,,,,,,,,,,
,Meleagris gallopavo,Common Turkey ,Aves,Galliformes,Galliformes ,Phasianidae,"Skull, Mandible ",SC 1454,,,Bird,,,,,,,,,,,,,,,
,Meleagris gallopavo,Common Turkey ,Aves,Galliformes,Galliformes ,Phasianidae,"Skull, Mandible ",SC 1455,,,Bird,,,,,,,,,,,,,,,
,Meleagris gallopavo,Common Turkey ,Aves,Galliformes,Galliformes ,Phasianidae,"Skull, Mandible ",SC 1456,,,Bird,,,,,,,,,,,,,,,
,Meleagris gallopavo,Common Turkey ,Aves,Galliformes,Galliformes ,Phasianidae,"Skull, Mandible ",SC 1457,,,Bird,,,,,,,,,,,,,,,
,Meleagris gallopavo,Common Turkey ,Aves,Galliformes,Galliformes ,Phasianidae,"Skull, Mandible ",SC 1458,,,Bird,,,,,,,,,,,,,,,
,Meleagris gallopavo,Common Turkey ,Aves,Galliformes,Galliformes ,Phasianidae,"Skull, Mandible ",SC 1459,,,Bird,,,,,,,,,,,,,,,
,Meleagris gallopavo,Common Turkey ,Aves,Galliformes,Galliformes ,Phasianidae,"Skull, Mandible ",SC 1460,,,Bird,,,,,,,,,,,,,,,
,Melanerpes carolinus,Red-Bellied Woodpecker,Aves,Piciformes,Pici,Picidae,Complete Skeleton ,SC 2010,"Collected October 3 2006. Location: Swarthmore, PA, Gender: Male",,Bird,,,,,,,,,,,,,,,
,Hylocichla mustelina,Wood Thrush ,Aves,Passeriformes,Passeri,Turdidae,Complete Skeleton ,SC 2011,"Collected: May 2006, Location: Swarthmore PA, Gender: Male",,Bird,,,,,,,,,,,,,,,
,Spinus tristis,American Goldfinch,Aves,Passeriformes,Passeri,Fringillidae,Complete Skeleton ,SC 2012,"Collected: November 22 2005, Location: Swarthmore PA, Gender: Female",,Bird,,,,,,,,,,,,,,,
,Corthylio calendula,Ruby-Crowned Kinglet ,Aves,Passeriformes,Passeri,Regulidae,Complete Skeleton ,SC 2013,"Collected: October 15 2006, Location: Swarthmore PA, ",,Bird,,,,,,,,,,,,,,,
,Setophaga americana,Northern Parula ,Aves,Passeriformes,Passeri,Parulidae,Complete Skeleton ,SC 2014,"Collected: September 21 2004, Location: Swarthmore, PA, Gender: Male",,Bird,,,,,,,,,,,,,,,
,,Whale,Mammalia,Artiodactyla,Cetartiodactyl,,Vertebrae Pieces,SC 2031,Species determination uncertain ,,Marine,,,,,,,,,,,,,,,
,,Whale,Mammalia,Artiodactyla,Cetartiodactyl,,Vertebrae ,SC 1370,Species determination uncertain ,,Marine,,,,,,,,,,,,,,,
,,Whale,Mammalia,Artiodactyla,Cetartiodactyl,,3 Otic,SC 2036,Species determination uncertain ,,Marine,,,,,,,,,,,,,,,
,Antilocapra americana,Pronghorn,Mammalia,Artiodactyla,Ruminantia ,Antilocapridae,Forelimb Bones ,SC 1353,Species determination uncertain ,,Land,,,,,,,,,,,,,,,
,Antilocapra americana,Pronghorn,Mammalia,Artiodactyla,Ruminantia ,Antilocapridae,Forelimb Bones ,SC 1354,"Species determination uncertain, specimen includes scapula ",,Land,,,,,,,,,,,,,,,
,Antilocapra americana,Pronghorn ,Mammalia,Artiodactyla,Ruminantia ,Antilocapridae,Hindlimb Bones ,SC 1355,Species determination uncertain ,,Land,,,,,,,,,,,,,,,
,,,Mammalia,Artiodactyla,Ruminantia,Bovidae,Mandible ,SC 1390,Species determination uncertain ,,,,,,,,,,,,,,,,,
,Euceratherium collinum,Extinct Shrub-ox,Mammalia,Artiodactyla,Ruminantia,Bovidae,Mandible Piece,SC 2030,"""Utceratherium occidentale of Leidy"" written on bone. 10/22/1900. Species identification unknown",,,,,,,,,,,,,,,,,
,Rupicapra rupicapra ,Chamois (goat) ,Mammalia,Artiodactyla,Ruminantia ,Bovidae ,"Full skeleton, mounted",SC 1002 ,,,,,,,,,,,,,,,,,,
,Bos taurus ,Domestic Cattle ,Mammalia,Artiodactyla,Ruminantia ,Bovidae ,"Skull, mandible ",SC 1009,,,,,,,,,,,,,,,,,,
,Capra hircus ,Domestic Goat ,Mammalia,Artiodactyla,Ruminantia ,Bovidae ,Skull ,SC 1018,"Donated by Joaquin Feliciano, as found in field ",,,,,,,,,,,,,,,,,
,Ovis aries ,Domestic Sheep ,Mammalia,Artiodactyla,Ruminantia ,Bovidae ,"Skull, mandible ",SC 1019,,,,,,,,,,,,,,,,,,
,Ovis aries ,Domestic Sheelp ,Mammalia,Artiodactyla,Ruminantia ,Bovidae ,Skull ,SC 1041,"Skull sawed in half, painetd to indicate different skull bones ",,,,,,,,,,,,,,,,,
,Bos taurus ,Domestic Cattle ,Mammalia,Artiodactyla,Ruminantia ,Bovidae ,Scapula ,SC 1349,,,,,,,,,,,,,,,,,,
,Bos taurus ,Domestic Cattle ,Mammalia,Artiodactyla,Ruminantia ,Bovidae ,Pelvis ,SC 1350,Specimen is broken in two ,,,,,,,,,,,,,,,,,
,Ovis sp.,Sheep (Ram),Mammalia,Artiodactyla,Ruminantia ,Bovidae,Horn,SC 2034,Male ,,,,,,,,,,,,,,,,,
,,Bison or Cattle,Mammalia,Artiodactyla,Ruminantia ,Bovidae,Horn,SC 2035,,,,,,,,,,,,,,,,,,
,Alces alces ,(European Elk) Moose ,Mammalia,Artiodactyla,Ruminantia ,Cervidae ,Skull ,SC1011,,,,,,,,,,,,,,,,,,
,Odocoileus virginianus ,White-tailed Deer,Mammalia,Artiodactyla,Ruminantia ,Cervidae ,"Skull, mandible ",SC1012,Anterior part of rostrum (maxilla) broken off on left side ,,,,,,,,,,,,,,,,,
,Odocoileus virginianus ,White-tailed Deer,Mammalia,Artiodactyla,Ruminantia ,Cervidae ,Vertebrae and Pelvis,SC 2032,Vertebrae and Pelvis are articulated. Spine is broke in 2 pieces.  Species determination uncertain,,,,,,,,,,,,,,,,,
,Giraffa,Giraffe,Mammalia,Artiodactyla,Ruminantia , Giraffidae,Vertebrae,SC 2033,,,,,,,,,,,,,,,,,,
,,,Mammalia,Artiodactyla,Ruminantia ,Cervidae or Bovidae,Vertebrae ,SC 1369,Species determination uncertain ,,,,,,,,,,,,,,,,,
,,,Mammalia,Artiodactyla,Ruminantia ,Cervidae or Bovidae,Humerus,SC 1358,species determination uncertain ,,,,,,,,,,,,,,,,,
,,,Mammalia,Artiodactyla,Ruminantia ,Cervidae or Bovidae,Forelimb Bones ,SC 1359,"Species determination uncertain, specimen includes ulna and radius fused together ",,,,,,,,,,,,,,,,,
,Steno bredanensis,Rough-toothed Dolphin ,Mammalia,Artiodactyla,Odontoceti,Delphinidae ,"Skull, mandible ",SC 1015,,,,,,,,,,,,,,,,,,
,Delphinapterus leucas,Beluga Whale,Mammalia,Artiodactyla,Odontoceti,Monodontidae,"Skull, mandible ",SC 1016,,,,,,,,,,,,,,,,,,
,Delphinapterus (leucus),(Beluga) Whale,Mammalia,Artiodactyla,(Odontoceti),Monodontidae,2x Scapula,SC 1361,,,,,,,,,,,,,,,,,,
,Delphinapterus (leucus),(Beluga) Whale,Mammalia,Artiodactyla,(Odontoceti),Monodontidae,Baculum,SC 1362,,,,,,,,,,,,,,,,,,
,Delphinapterus (leucus),(Beluga) Whale,Mammalia,Artiodactyla,(Odontoceti),Monodontidae,Forelimb Bones ,SC 1363,Missing 3 mandibles. Species determination uncertain,,,,,,,,,,,,,,,,,
,Phocoenoides dalli,Dall's Porpoise,Mammalia,Artiodactyla,(Odontoceti),Phocoenidae,Lumbar Vertebrae,SC 1393,,,,,,,,,,,,,,,,,,
,Hippopotamus amphibious ,Hippopotamus ,Mammalia,Artiodactyla,Whippomorpha,Hippopotamidae ,"skull, mandible ",SC1001 ,,,,,,,,,,,,,,,,,,
,Sus scrofa (domesticus),Domestic Pig,Mammalia,Artiodactyla,Suina ,Suidae,"Skull, mandible ",SC 1076,,,,,,,,,,,,,,,,,,
,Sus scrofa ,Wild Boar,Mammalia,Artiodactyla,Suiformes ,Suidae,Rostrum,SC 1373,"Named Guts, killed 15 dogs ",,,,,,,,,,,,,,,,,
,Tayassu tajacu ,Collared Peccary ,Mammalia,Artiodactyla,Suina,Tayassuidae ,Skull ,SC 1033,Skull is bleached ,,,,,,,,,,,,,,,,,
,Canis (lupus) familiaris ,Domestic Dog ,Mammalia,Carnivora,Caniformia ,Canidae ,"Full skeleton, mounted",SC1003,,,,,,,,,,,,,,,,,,
,Canis lupus ,"Gray, Timber Wolf ",Mammalia,Carnivora,Caniformia ,Canidae ,"Skull, mandible ",SC 1021,,,,,,,,,,,,,,,,,,
,Canis lupus familiaris ,Bull Dog ,Mammalia,Carnivora,Caniformia ,Canidae ,Skull ,SC 1030,,,,,,,,,,,,,,,,,,
,Canis lupus ,Wolf ,Mammalia,Carnivora,Caniformia ,Canidae ,"Skull, mandible ",SC 1034,,,,,,,,,,,,,,,,,,
,Canis (lupus) familiaris ,Domestic Dog ,Mammalia,Carnivora,Caniformia ,Canidae ,"Skull, mandible ",SC 1042,,,,,,,,,,,,,,,,,,
,Urocyon cinereoargenteus,Gray Fox ,Mammalia,Carnivora,Caniformia ,Canidae ,"Skull, mandible ",SC 1046,,,,,,,,,,,,,,,,,,
,Canis (lupus) familiaris ,Domestic Dog ,Mammalia,Carnivora,Caniformia ,Canidae ,Skull ,SC 1048,Skull cap sawed off ,,,,,,,,,,,,,,,,,
,Canis latrans,Coyote ,Mammalia,Carnivora,Caniformia ,Canidae ,Skull ,SC 1052,,,,,,,,,,,,,,,,,,
,Urocyon cinereoargenteus,Gray Fox ,Mammalia,Carnivora,Caniformia ,Canidae ,Skull ,SC 1056,,,,,,,,,,,,,,,,,,
,Canis (lupus) familiaris ,Domestic Dog ,Mammalia,Carnivora,Caniformia ,Canidae ,Skull ,SC 1060,Left zygomatic process and left front part of rostrum broken ,,,,,,,,,,,,,,,,,
,Canis (lupus) familiaris ,Domestic Dog ,Mammalia,Carnivora,Caniformia ,Canidae ,Skull,SC 1061,Rostrum broken ,,,,,,,,,,,,,,,,,
,Canis (lupus) familiaris ,Domestic Dog ,Mammalia,Carnivora,Caniformia ,Canidae ,Skull ,SC 1071,,,,,,,,,,,,,,,,,,
,Canis latrans,Coyote ,Mammalia,Carnivora,Caniformia ,Canidae ,Skull ,SC 1077,Skull sawed in half ,,,,,,,,,,,,,,,,,
,Canis latrans,Coyote ,Mammalia,Carnivora,Caniformia ,Canidae ,Skull ,SC 1078,Skull sawed in half ,,,,,,,,,,,,,,,,,
,Canis latrans,Coyote ,Mammalia,Carnivora,Caniformia ,Canidae ,Skull ,SC 1079,Skull sawed in half ,,,,,,,,,,,,,,,,,
,Canis (lupus) familiaris ,Domestic Dog ,Mammalia,Carnivora,Caniformia ,Canidae ,Skull Bones ,SC 1382,Specimen includes posterior skull bones ,,,,,,,,,,,,,,,,,
,Canis (lupus) familiaris ,Domestic Dog ,Mammalia,Carnivora,Caniformia ,Canidae ,Skull Bones ,SC 1383,Specimen includes posterior skull bones ,,,,,,,,,,,,,,,,,
,Canis latrans,Coyote ,Mammalia,Carnivora,Caniformia ,Canidae ,Skull Bones ,SC 1384,Specimen includes anterior skull bones sawed in half ,,,,,,,,,,,,,,,,,
,Canis latrans,Coyote ,Mammalia,Carnivora,Caniformia ,Canidae ,Skull Bones ,SC 1385,Specimen includes anterior skull bones sawed in half ,,,,,,,,,,,,,,,,,
,Canis latrans,Coyote ,Mammalia,Carnivora,Caniformia ,Canidae ,Skull Bones ,SC 1386,"Specimen includes frontal, nasal bones and cheek teeth ",,,,,,,,,,,,,,,,,
,Canis latrans,Coyote ,Mammalia,Carnivora,Caniformia ,Canidae ,Mandible ,SC 1387,Specimen Broken ,,,,,,,,,,,,,,,,,
,Canis lupus ,"Gray, Timber Wolf ",Mammalia,Carnivora,Caniformia ,Canidae ,Mandible ,SC 1391,,,,,,,,,,,,,,,,,,
,Canis latrans,Coyote ,Mammalia,Carnivora,Caniformia ,Caniformia ,Skull ,SC 1054,,,,,,,,,,,,,,,,,,
,Canis latrans,Coyote ,Mammalia,Carnivora,Caniformia ,Caniformia ,Skull ,SC 1055,,,,,,,,,,,,,,,,,,
,Canis latrans,Coyote ,Mammalia,Carnivora,Caniformia ,Caniformia ,Skull ,SC 1057,,,,,,,,,,,,,,,,,,
,Canis latrans,Coyote ,Mammalia,Carnivora,Caniformia ,Caniformia ,Skull ,SC 1058,Zygomatic processes broken ,,,,,,,,,,,,,,,,,
,Canis latrans,Coyote ,Mammalia,Carnivora,Caniformia ,Caniformia ,Skull ,SC 1059,Zygomatic processes and front portion of rostrum broken ,,,,,,,,,,,,,,,,,
,Panthera leo or Panthera tigris ,Lion or Tiger,Mammalia,Carnivora,Feliformia ,Felidae ,"Mounted skull, mandible ",SC1014,,,,,,,,,,,,,,,,,,
,Felis catus ,Domestic Cat ,Mammalia,Carnivora,Feliformia ,Felidae ,"Full skeleton, mounted",SC 1023,,,,,,,,,,,,,,,,,,
,Felis catus ,Domestic Cat ,Mammalia,Carnivora,Feliformia ,Felidae ,"Mounted skeleton, no skull or mandible ",SC 1024,Skeleton goes together with specimen #1047? -- Skull and mandible ,,,,,,,,,,,,,,,,,
,Felis catus ,Domestic Cat ,Mammalia,Carnivora,Feliformia ,Felidae ,"Monted skeleton, no skull or mandible ",SC 1025,,,,,,,,,,,,,,,,,,
,(Panthera) onca ,Jaguar ,Mammalia,Carnivora,Feliformia ,Felidae ,Skull,SC 1032,Skull cap has been removed. species determination uncertain ,,,,,,,,,,,,,,,,,
,Felis catus ,Domestic Cat ,Mammalia,Carnivora,Feliformia ,Felidae ,"Skull, mandible ",SC 1047,skull and mandilbe go together with specimen #1024 (mounted skeleton) ,,,,,,,,,,,,,,,,,
,Felis catus ,Domestic Cat ,Mammalia,Carnivora,Feliformia ,Felidae ,"Skull, mandible ",SC 1072,,,,,,,,,,,,,,,,,,
,Felis catus ,Domestic Cat ,Mammalia,Carnivora,Feliformia ,Felidae ,Skull ,SC 1073,Skull sawed in half ,,,,,,,,,,,,,,,,,
,Felis catus ,Domestic Cat ,Mammalia,Carnivora,Feliformia ,Felidae ,Skull ,SC 1074,Skull sawed in half ,,,,,,,,,,,,,,,,,
,Felis catus ,Domestic Cat ,Mammalia,Carnivora,Feliformia ,Felidae ,Full Skeleton ,SC 1374,Skeleton disarticulated,,,,,,,,,,,,,,,,,
,Felis catus ,Domestic Cat ,Mammalia,Carnivora,Feliformia ,Felidae ,Skull ,SC 1377,Skull sawed in half ,,,,,,,,,,,,,,,,,
,Felis catus ,Domestic Cat ,Mammalia,Carnivora,Feliformia ,Felidae ,Skull Bones ,SC 1378,Specimen includes rostrum ,,,,,,,,,,,,,,,,,
,Felis catus ,Domestic Cat ,Mammalia,Carnivora,Feliformia ,Felidae ,Skull Bones ,SC 1379,"Specimen includes half of skull, posterior skull bones ",,,,,,,,,,,,,,,,,
,Felis catus ,Domestic Cat ,Mammalia,Carnivora,Feliformia ,Felidae ,Skull Bones ,SC 1380,Specimen includes posterior skull bones ,,,,,,,,,,,,,,,,,
,Felis catus ,Domestic Cat ,Mammalia,Carnivora,Feliformia ,Felidae ,Mandible ,SC 1381,Specimen broke in two ,,,,,,,,,,,,,,,,,
,Mephitis mephitis,Striped Skunk ,Mammalia,Carnivora,Caniformia,Mephitadae ,"Skull, mandible ",SC 1082,,,,,,,,,,,,,,,,,,
,Martes americana,American Marten,Mammalia,Carnivora,Caniformia,Mustelidae ,"Skull, mandible ",SC 1081,,,,,,,,,,,,,,,,,,
,Enhydra lutris ,Sea Otter,Mammalia,Carnivora,Caniformia ,Mustelidae ,"Skull, mandible ",SC 1031,,,,,,,,,,,,,,,,,,
,Lutra canadensis,River Otter,Mammalia,Carnivora,Caniformia,Mustelidae ,Skull ,SC 1063,,,,,,,,,,,,,,,,,,
,(Neogale) vison ,American Mink ,Mammalia,Carnivora,Caniformia ,Mustelidae ,"Full skeleton, mounted",SC 1026,In glass casing ,,,,,,,,,,,,,,,,,
,(Neogale) vison ,American Mink ,Mammalia,Carnivora,Caniformia ,Mustelidae ,"Full skeleton, mounted",SC 1027,In glass casing ,,,,,,,,,,,,,,,,,
,Mustela vison ,(American) Mink ,Mammalia,Carnivora,Caniformia ,Mustelidae ,"Skull, mandible ",SC 1050,,,,,,,,,,,,,,,,,,
,Mustela vison ,(American) Mink ,Mammalia,Carnivora,Caniformia ,Mustelidae ,"Skull, mandible ",SC 1110,,,,,,,,,,,,,,,,,,
,Mustela vison ,(American) Mink ,Mammalia,Carnivora,Caniformia ,Mustelidae ,"Skull, mandible ",SC 1111,,,,,,,,,,,,,,,,,,
,Mustela vison ,(American) Mink ,Mammalia,Carnivora,Caniformia ,Mustelidae ,"Skull, mandible ",SC 1112,,,,,,,,,,,,,,,,,,
,Mustela vison ,(American) Mink ,Mammalia,Carnivora,Caniformia ,Mustelidae ,"Skull, mandible ",SC 1113,,,,,,,,,,,,,,,,,,
,Mustela vison ,(American) Mink ,Mammalia,Carnivora,Caniformia ,Mustelidae ,"Skull, mandible ",SC 1114,,,,,,,,,,,,,,,,,,
,Mustela vison ,(American) Mink ,Mammalia,Carnivora,Caniformia ,Mustelidae ,"Skull, mandible ",SC 1115,,,,,,,,,,,,,,,,,,
,Mustela vison ,(American) Mink ,Mammalia,Carnivora,Caniformia ,Mustelidae ,"Skull, mandible ",SC 1116,,,,,,,,,,,,,,,,,,
,Mustela vison ,(American) Mink ,Mammalia,Carnivora,Caniformia ,Mustelidae ,"Skull, mandible ",SC 1117,,,,,,,,,,,,,,,,,,
,Mustela vison ,(American) Mink ,Mammalia,Carnivora,Caniformia ,Mustelidae ,"Skull, mandible ",SC 1118,,,,,,,,,,,,,,,,,,
,Mustela vison ,(American) Mink ,Mammalia,Carnivora,Caniformia ,Mustelidae ,"Skull, mandible ",SC 1119,,,,,,,,,,,,,,,,,,
,Mustela vison ,(American) Mink ,Mammalia,Carnivora,Caniformia ,Mustelidae ,"Skull, mandible ",SC 1120,,,,,,,,,,,,,,,,,,
,Mustela vison ,(American) Mink ,Mammalia,Carnivora,Caniformia ,Mustelidae ,"Skull, mandible ",SC 1121,,,,,,,,,,,,,,,,,,
,Mustela vison ,(American) Mink ,Mammalia,Carnivora,Caniformia ,Mustelidae ,Skull,SC 1122,,,,,,,,,,,,,,,,,,
,Mustela vison ,(American) Mink ,Mammalia,Carnivora,Caniformia ,Mustelidae ,"Skull, mandible ",SC 1123,,,,,,,,,,,,,,,,,,
,Mustela vison ,(American) Mink ,Mammalia,Carnivora,Caniformia ,Mustelidae ,"Skull, mandible ",SC 1124,,,,,,,,,,,,,,,,,,
,Mustela vison ,(American) Mink ,Mammalia,Carnivora,Caniformia ,Mustelidae ,"Skull, mandible ",SC 1125,,,,,,,,,,,,,,,,,,
,Mustela vison ,(American) Mink ,Mammalia,Carnivora,Caniformia ,Mustelidae ,"Skull, mandible ",SC 1126,,,,,,,,,,,,,,,,,,
,Mustela vison ,(American) Mink ,Mammalia,Carnivora,Caniformia ,Mustelidae ,"Skull, mandible ",SC 1127,,,,,,,,,,,,,,,,,,
,Mustela vison ,(American) Mink ,Mammalia,Carnivora,Caniformia ,Mustelidae ,"Skull, mandible ",SC 1128,,,,,,,,,,,,,,,,,,
,Mustela vison ,(American) Mink ,Mammalia,Carnivora,Caniformia ,Mustelidae ,Skull,SC 1129,,,,,,,,,,,,,,,,,,
,Mustela vison ,(American) Mink ,Mammalia,Carnivora,Caniformia ,Mustelidae ,Skull,SC 1130,,,,,,,,,,,,,,,,,,
,Mustela vison ,(American) Mink ,Mammalia,Carnivora,Caniformia ,Mustelidae ,"Skull, mandible ",SC 1131,,,,,,,,,,,,,,,,,,
,Mustela vison ,(American) Mink ,Mammalia,Carnivora,Caniformia ,Mustelidae ,Skull ,SC 1132,,,,,,,,,,,,,,,,,,
,Mustela vison ,(American) Mink ,Mammalia,Carnivora,Caniformia ,Mustelidae ,"Skull, mandible ",SC 1133,,,,,,,,,,,,,,,,,,
,Odobenus rosmarus ,Walrus ,Mammalia,Carnivora,Caniformia ,Odobenidae,"Skull, mandible ",SC1013,,,,,,,,,,,,,,,,,,
,Eumetopias jubatus ,(Steller) Sea Lion,Mammalia,Carnivora,Caniformia ,Otariidae,Humerus ,SC 1357,,,,,,,,,,,,,,,,,,
,Phoca vitulina ,Harbor Seal ,Mammalia,Carnivora,Caniformia ,Phocidae    Subfamily: Phocinae,"Mounted Skeleton, no skull, mandible ",SC 1008,Left forlimb disarticulated from skeleton (how? decomposition?)  ,,,,,,,,,,,,,,,,,
,Procyon lotor ,Raccoon ,Mammalia,Carnivora,Caniformia ,Procyonidae ,"Skull, mandible ",SC 1044,,,,,,,,,,,,,,,,,,
,Nasua narica ,White-nosed Coati ,Mammalia,Carnivora,Caniformia,Procyonidae ,Skull ,SC 1053,,,,,,,,,,,,,,,,,,
,Ursus Americanus ,American Black Bear ,Mammalia,Carnivora,Caniformia ,Ursidae ,"Skull, mandible ",SC 1020,,,,,,,,,,,,,,,,,,
,Ursus Americanus ,American Black Bear ,Mammalia,Carnivora,Caniformia ,Ursidae ,"Skull, mandible ",SC 1028,,,,,,,,,,,,,,,,,,
,Ursus Americanus ,American Black Bear ,Mammalia,Carnivora,Caniformia ,Ursidae ,"Skull, mandible ",SC 1029,,,,,,,,,,,,,,,,,,
,Ursus maritimus ,Polar Bear ,Mammalia,Carnivora,Caniformia ,Ursidae ,Mounted Foot Bones ,SC 1346,Specimen is of forelimb paw,,,,,,,,,,,,,,,,,
,Ursus maritimus ,Polar Bear ,Mammalia,Carnivora,Caniformia ,Ursidae ,Mounted Foot Bones ,SC 1347,Specimen is of hindlimb paw,,,,,,,,,,,,,,,,,
,Ursus americanus ,American Black Bear ,Mammalia,Carnivora,Caniformia ,Ursidae ,Scapula ,SC 1348,,,,,,,,,,,,,,,,,,
,,,Mammalia,Carnivora,Caniformia ,,Mandible ,SC 1392,Species determination uncertain ,,,,,,,,,,,,,,,,,
,Lasiurus borealis,Red Bat ,Mammalia,Chiroptera,(Yangochiroptera) ,Vespertilionidae,"Skull, mandible ",SC 1163,,,,,,,,,,,,,,,,,,
,Eptesicus fuscus,Big Brown Bat,Mammalia,Chiroptera,(Yangochiroptera) ,Vespertilionidae,"Skull, mandible ",SC 1164,,,,,,,,,,,,,,,,,,
,Myotis lucifugus ,Little Brown Bat ,Mammalia,Chiroptera,(Yangochiroptera) ,Vespertilionidae,"Skull, mandible ",SC 1165,Male Specimen 12/3/1949,,,,,,,,,,,,,,,,,
,Myotis lucifugus ,Little Brown Bat ,Mammalia,Chiroptera,(Yangochiroptera) ,Vespertilionidae,"Skull, mandible ",SC 1166,,,,,,,,,,,,,,,,,,
,Myotis lucifugus ,Little Brown Bat ,Mammalia,Chiroptera,(Yangochiroptera) ,Vespertilionidae,"Skull, mandible ",SC 1167,,,,,,,,,,,,,,,,,,
,Myotis lucifugus ,Little Brown Bat ,Mammalia,Chiroptera,(Yangochiroptera) ,Vespertilionidae,"Skull, mandible ",SC 1168,,,,,,,,,,,,,,,,,,
,Myotis lucifugus ,Little Brown Bat ,Mammalia,Chiroptera,(Yangochiroptera) ,Vespertilionidae,"Skull, mandible ",SC 1169,,,,,,,,,,,,,,,,,,
,Myotis lucifugus ,Little Brown Bat ,Mammalia,Chiroptera,(Yangochiroptera) ,Vespertilionidae,"Skull, mandible ",SC 1170,Mandible broken ,,,,,,,,,,,,,,,,,
,Didelphis virginiana ,(North American)  Opossum ,Mammalia,Didelphimorphia,N/A,Didelphidae ,Skull ,SC 1045,,,,,,,,,,,,,,,,,,
,Didelphis virginiana ,(North American)  Opossum ,Mammalia,Didelphimorphia,N/A,Didelphidae ,"Skull, mandible ",SC 1065,,,,,,,,,,,,,,,,,,
,Didelphis virginiana ,(North American)  Opossum ,Mammalia,Didelphimorphia,N/A,Didelphidae ,Skull ,SC 1066,,,,,,,,,,,,,,,,,,
,Didelphis virginiana ,(North American)  Opossum ,Mammalia,Didelphimorphia,N/A,Didelphidae ,"Skull, mandible ",SC 1067,,,,,,,,,,,,,,,,,,
,Didelphis virginiana ,(North American)  Opossum ,Mammalia,Didelphimorphia,N/A,Didelphidae ,Skull,SC 1068,,,,,,,,,,,,,,,,,,
,Didelphis virginiana ,(North American)  Opossum ,Mammalia,Didelphimorphia,N/A,Didelphidae ,"Skull, mandible ",SC 1069,,,,,,,,,,,,,,,,,,
,Didelphis virginiana ,(North American)  Opossum ,Mammalia,Didelphimorphia,N/A,Didelphidae ,"Skull, mandible ",SC 1083,,,,,,,,,,,,,,,,,,
,Didelphis virginiana ,(North American)  Opossum ,Mammalia,Didelphimorphia,N/A,Didelphidae ,Mandible ,SC 1388,,,,,,,,,,,,,,,,,,
,Didelphis virginiana ,(North American)  Opossum ,Mammalia,Didelphimorphia,N/A,Didelphidae ,Mandible ,SC 1389,,,,,,,,,,,,,,,,,,
,Wallabia ,Wallaby ,Mammalia,Didelphimorphia,Macropodiformes,Macropodidae,Skull ,SC 1075,Species determination uncertain ,,,,,,,,,,,,,,,,,
,Blarina brevicauda,Short-tailed Shrew ,Mammalia,Eulipotyphla,Erinaceota,Sorcidae ,"Skull, mandible ",SC 1140,,,,,,,,,,,,,,,,,,
,Blarina brevicauda,Short-tailed Shrew ,Mammalia,Eulipotyphla,Erinaceota,Sorcidae ,"Skull, mandible ",SC 1141,,,,,,,,,,,,,,,,,,
,Blarina brevicauda,Short-tailed Shrew ,Mammalia,Eulipotyphla,Erinaceota,Sorcidae ,"Skull, mandible ",SC 1142,,,,,,,,,,,,,,,,,,
,Blarina brevicauda,Short-tailed Shrew ,Mammalia,Eulipotyphla,Erinaceota,Sorcidae ,"Skull, mandible ",SC 1143,Male specimen ,,,,,,,,,,,,,,,,,
,Blarina brevicauda,Short-tailed Shrew ,Mammalia,Eulipotyphla,Erinaceota,Sorcidae ,"Skull, mandible ",SC 1144,Found in Crum Meadow ,,,,,,,,,,,,,,,,,
,Blarina brevicauda,Short-tailed Shrew ,Mammalia,Eulipotyphla,Erinaceota,Sorcidae ,"Skull, mandible ",SC 1145,"Female specimen, 03/10/1961",,,,,,,,,,,,,,,,,
,Blarina brevicauda,Short-tailed Shrew ,Mammalia,Eulipotyphla,Erinaceota,Sorcidae ,"Skull, mandible ",SC 1146,Male specimen 1961,,,,,,,,,,,,,,,,,
,Blarina brevicauda,Short-tailed Shrew ,Mammalia,Eulipotyphla,Erinaceota,Sorcidae ,"Skull, mandible ",SC 1147,Male specimen found behind Martin. Dec. 7,,,,,,,,,,,,,,,,,
,Blarina brevicauda,Short-tailed Shrew ,Mammalia,Eulipotyphla,Erinaceota,Sorcidae ,"Skull, mandible ",SC 1148,Male specimen ,,,,,,,,,,,,,,,,,
,Blarina brevicauda,Short-tailed Shrew ,Mammalia,Eulipotyphla,Erinaceota,Sorcidae ,"Skull, mandible ",SC 1149,03/07/1961,,,,,,,,,,,,,,,,,
,Blarina brevicauda,Short-tailed Shrew ,Mammalia,Eulipotyphla,Erinaceota,Sorcidae ,"Skull, mandible ",SC 1150,,,,,,,,,,,,,,,,,,
,Blarina brevicauda,Short-tailed Shrew ,Mammalia,Eulipotyphla,Erinaceota,Sorcidae ,"Skull, mandible ",SC 1151,,,,,,,,,,,,,,,,,,
,Blarina brevicauda,Short-tailed Shrew ,Mammalia,Eulipotyphla,Erinaceota,Sorcidae ,"Skull, mandible ",SC 1152,,,,,,,,,,,,,,,,,,
,Blarina brevicauda,Short-tailed Shrew ,Mammalia,Eulipotyphla,Erinaceota,Sorcidae ,"Skull, mandible ",SC 1153,Skull broken ,,,,,,,,,,,,,,,,,
,Blarina brevicauda,Short-tailed Shrew ,Mammalia,Eulipotyphla,Erinaceota,Sorcidae ,"Skull, mandible ",SC 1154,Skull broken ,,,,,,,,,,,,,,,,,
,Blarina brevicauda,Short-tailed Shrew ,Mammalia,Eulipotyphla,Erinaceota,Sorcidae ,"Skull, mandible ",SC 1155,"Skull, mandible broken ",,,,,,,,,,,,,,,,,
,Sorex nanus,Dwarf Shrew ,Mammalia,Eulipotyphla,Erinaceota,Soricidae ,"Skull, mandible ",SC 1156,Mandible Broken,,,,,,,,,,,,,,,,,
,Sorex cinerus ,(Cinereus) shrew,Mammalia,Eulipotyphla,Erinaceota,Soricidae ,"Skull, mandible ",SC 1157,,,,,,,,,,,,,,,,,,
,Sorex cinerus ,(Cinereus) shrew,Mammalia,Eulipotyphla,Erinaceota,Soricidae ,"Skull, mandible ",SC 1158,,,,,,,,,,,,,,,,,,
,Sorex cinerus ,(Cinereus) shrew,Mammalia,Eulipotyphla,Erinaceota,Soricidae ,"Skull, mandible ",SC 1159,,,,,,,,,,,,,,,,,,
,Sorex cinerus ,(Cinereus) shrew,Mammalia,Eulipotyphla,Erinaceota,Soricidae ,"Skull, mandible ",SC 1160,,,,,,,,,,,,,,,,,,
,Sorex cinerus ,(Cinereus) shrew,Mammalia,Eulipotyphla,Erinaceota,Soricidae ,"Skull, mandible ",SC 1161,,,,,,,,,,,,,,,,,,
,Sorex cinerus ,(Cinereus) shrew,Mammalia,Eulipotyphla,Erinaceota,Soricidae ,"Skull, mandible ",SC 1162,Skull Broken,,,,,,,,,,,,,,,,,
,Scalopus aquaticus,Eastern Mole,Mammalia,Eulipotyphla,Erinaceota,Talpidae,"Skull, mandible ",SC 1138,,,,,,,,,,,,,,,,,,
,Scalopus aquaticus,Eastern Mole,Mammalia,Eulipotyphla,Erinaceota,Talpidae,Skull ,SC 1139,,,,,,,,,,,,,,,,,,
,Sylvilagus transitionalis ,New England Cottontail ,Mammalia,Lagomorpha,N/A,Leporidae,"Skull, mandible ",SC 1051,,,,,,,,,,,,,,,,,,
,Sylvilagus transitionalis ,New England Cottontail ,Mammalia,Lagomorpha,N/A,Leporidae,"Skull, mandible ",SC 1097,,,,,,,,,,,,,,,,,,
,Sylvilagus transitionalis ,New England Cottontail ,Mammalia,Lagomorpha,N/A,Leporidae,"Skull, mandible ",SC 1098,,,,,,,,,,,,,,,,,,
,Sylvilagus transitionalis ,New England Cottontail ,Mammalia,Lagomorpha,N/A,Leporidae,"Skull, mandible ",SC 1099,,,,,,,,,,,,,,,,,,
,Sylvilagus transitionalis ,New England Cottontail ,Mammalia,Lagomorpha,N/A,Leporidae,"Skull, mandible ",SC 1100,,,,,,,,,,,,,,,,,,
,Sylvilagus transitionalis ,New England Cottontail ,Mammalia,Lagomorpha,N/A,Leporidae,"Skull, mandible ",SC 1101,,,,,,,,,,,,,,,,,,
,Lepus townsendii,White-tailed Jack Rabbit ,Mammalia,Lagomorpha,N/A,Leporidae,Skull ,SC 1102,Occipital region broken,,,,,,,,,,,,,,,,,
,Tachyglossus aculeatus ,Short-Beaked Echidna ,Mammalia,Monotremata,N/A ,Tachyglossidae,"Full skeleton, mounted",SC 1022,In glass casing ,,,,,,,,,,,,,,,,,
,Equus caballus ,Domestic Horse ,Mammalia,Perissodactyla,N/A,Equidae ,"Skull, mandible ",SC1010,,,,,,,,,,,,,,,,,,
,Equus caballus ,Domestic Horse ,Mammalia,Perissodactyla,N/A,Equidae ,Mounted Limb Bones ,SC 1351,"Specimen includes forelimb bones, including scapula ",,,,,,,,,,,,,,,,,
,Equus caballus ,Domestic Horse ,Mammalia,Perissodactyla,N/A,Equidae ,Mounted Limb Bones ,SC 1352,Specimen includes hindlimb bones ,,,,,,,,,,,,,,,,,
,Equus caballus ,Domestic Horse ,Mammalia,Perissodactyla,N/A,Equidae ,Humerus,SC 1356,,,,,,,,,,,,,,,,,,
,Equus caballus ,Domestic Horse ,Mammalia,Perissodactyla,N/A,Equidae ,Forelimb Bones ,SC 1360,Specimen includes ulna and radius fused together,,,,,,,,,,,,,,,,,
,Equus caballus ,Domestic Horse ,Mammalia,Perissodactyla,N/A,Equidae ,Vertebrae ,SC 1367,,,,,,,,,,,,,,,,,,
,Equus caballus ,Domestic Horse ,Mammalia,Perissodactyla,N/A,Equidae ,Sacrum,SC 1368,,,,,,,,,,,,,,,,,,
,Pan troglodytes,Chimpanzee ,Mammalia,Primates,Halporhini,Hominidae,"Mounted skull, mandible ",SC 1035,Species determineation uncertain. Species of animal is quite young ,,,,,,,,,,,,,,,,,
,Pan troglodytes,Chimpanzee ,Mammalia,Primates,(Halporrhini) ,Hominidae),Mandible ,SC 1344,"species determination is uncertain, specimen is of a young animal ",,,,,,,,,,,,,,,,,
,Pongo pygmaeus ,Orangutan ,Mammalia,Primates,(Halporrhini) ,Hominidae) ,Mounted Hand Bones ,SC 1345,Species determination uncertain ,,,,,,,,,,,,,,,,,
,Hylobates sp,Gibbons ,Mammalia,Primates,Haplorhini,Hylobatidae,"mounted skeleton, no skull or mandible ",SC1004,,,,,,,,,,,,,,,,,,
,Macaca mulatta,Rhesus Monkey,Mammalia,Primates,Halporrhini,Cercopithecidae,"Skull, mandible ",SC 2039,,,,,,,,,,,,,,,,,,
,,Monkey,Mammalia,Primates,Halporrhini,,Skull ,SC 2040,Broken,,,,,,,,,,,,,,,,,
,,Monkey,Mammalia,Primates,Halporrhini,,"Skull, mandible ",SC 2041,,,,,,,,,,,,,,,,,,
,,Monkey,Mammalia,Primates,Halporrhini,,mandible,SC 2042,,,,,,,,,,,,,,,,,,
,,Monkey,Mammalia,Primates,Halporrhini,,Disarticulated Skull,SC 2043,Missing mandible,,,,,,,,,,,,,,,,,
,Elephas Maximus or Loxodonta,Asian Elephant or African Elephant,Mammalia,Proboscidea,(Elephanteformes),Elephantidae,Tusk ,SC 1394,Species determination uncertain ,,,,,,,,,,,,,,,,,
,Elephas Maximus or Loxodonta,Asian Elephant or African Elephant,Mammalia,Proboscidea,(Elephanteformes),Elephantidae,Tusk ,SC 1395,Species determination uncertain ,,,,,,,,,,,,,,,,,
,(Mammut) americanum ,Mastodon ,Mammalia,Proboscidea,N/A,Mammutidae),Tooth ,SC 1396,,,,,,,,,,,,,,,,,,
,Castor canadensis,American Beaver ,Mammalia,Rodentia,Castorimorpha,Castoridae ,"Skull, mandible ",SC 1036,,,,,,,,,,,,,,,,,,
,Castor canadensis ,(American) Beaver ,Mammalia,Rodentia,Castorimorpha,Castoridae ,Skull ,SC 1064,,,,,,,,,,,,,,,,,,
,Castor canadensis ,(American) Beaver ,Mammalia,Rodentia,(Castorimorpha),Castoridae ,Mandible ,SC 1090,,,,,,,,,,,,,,,,,,
,Castor canadensis ,(American) Beaver ,Mammalia,Rodentia,(Castorimorpha),Castoridae ,Mandible ,SC 1096,,,,,,,,,,,,,,,,,,
,Castor canadensis ,(American) Beaver ,Mammalia,Rodentia,(Castorimorpha),Castoridae ,"Spinal column, pelvis",SC 1364,Vertabrae are articulated to pelvis bones ,,,,,,,,,,,,,,,,,
,Castor canadensis ,(American) Beaver ,Mammalia,Rodentia,(Castorimorpha),Castoridae ,Femur,SC 1365,,,,,,,,,,,,,,,,,,
,Hydrochoerus hydrochaeris,Capybara ,Mammalia,Rodentia,Hystricomorpha ,Caviidae,"Skull, mandible ",SC 1037,,,,,,,,,,,,,,,,,,
,Neotoma floridana ,(Eastern) Wood rat ,Mammalia,Rodentia,Myomorpha,Cricetidae,"Full skeleton, mounted",SC 1039,,,,,,,,,,,,,,,,,,
,Neotoma floridana ,(Eastern) Wood rat ,Mammalia,Rodentia,Myomorpha ,Cricetidae,"Full skeleton, mounted",SC 1040,,,,,,,,,,,,,,,,,,
,Ondatra zibethicus ,Muskrat,Mammalia,Rodentia,Myomorpha ,Cricetidae ,"Skull, mandible ",SC 1091,,,,,,,,,,,,,,,,,,
,Ondatra zibethicus ,Muskrat,Mammalia,Rodentia,Myomorpha ,Cricetidae ,"Skull, mandible ",SC 1092,,,,,,,,,,,,,,,,,,
,Ondatra zibethicus ,Muskrat,Mammalia,Rodentia,Myomorpha ,Cricetidae ,"Skull, mandible ",SC 1093,,,,,,,,,,,,,,,,,,
,Ondatra zibethicus ,Muskrat,Mammalia,Rodentia,Myomorpha ,Cricetidae ,"Skull, mandible ",SC 1094,,,,,,,,,,,,,,,,,,
,Ondatra zibethicus ,Muskrat,Mammalia,Rodentia,Myomorpha ,Cricetidae ,"Skull, mandible ",SC 1095,,,,,,,,,,,,,,,,,,
,Peromyscus leucopus,White-footed Mouse,Mammalia,Rodentia,Myomorpha ,Cricetidae ,"Skull, mandible ",SC 1183,Male specimen ,,,,,,,,,,,,,,,,,
,Peromyscus leucopus,White-footed Mouse,Mammalia,Rodentia,Myomorpha ,Cricetidae ,"Skull, mandible ",SC 1184,"Male specimen, Collected 8/26/1947",,,,,,,,,,,,,,,,,
,Peromyscus leucopus,White-footed Mouse,Mammalia,Rodentia,Myomorpha ,Cricetidae ,"Skull, mandible ",SC 1185,"Male specimen, Collected 11/01/1949",,,,,,,,,,,,,,,,,
,Peromyscus leucopus,White-footed Mouse,Mammalia,Rodentia,Myomorpha ,Cricetidae ,"Skull, mandible ",SC 1186,"Female specimen caught behind Martin, Collected 11/20/1949",,,,,,,,,,,,,,,,,
,Peromyscus leucopus,White-footed Mouse,Mammalia,Rodentia,Myomorpha ,Cricetidae ,"Skull, mandible ",SC 1187,,,,,,,,,,,,,,,,,,
,Peromyscus leucopus,White-footed Mouse,Mammalia,Rodentia,Myomorpha ,Cricetidae ,"Skull, mandible ",SC 1188,,,,,,,,,,,,,,,,,,
,Peromyscus leucopus,White-footed Mouse,Mammalia,Rodentia,Myomorpha ,Cricetidae ,"Skull, mandible ",SC 1189,,,,,,,,,,,,,,,,,,
,Peromyscus leucopus,White-footed Mouse,Mammalia,Rodentia,Myomorpha ,Cricetidae ,"Skull, mandible ",SC 1190,Skull broken ,,,,,,,,,,,,,,,,,
,Peromyscus leucopus,White-footed Mouse,Mammalia,Rodentia,Myomorpha ,Cricetidae ,"Skull, mandible ",SC 1191,Collected 3/3/1961,,,,,,,,,,,,,,,,,
,Peromyscus leucopus,White-footed Mouse,Mammalia,Rodentia,Myomorpha ,Cricetidae ,"Skull, mandible ",SC 1192,,,,,,,,,,,,,,,,,,
,Peromyscus leucopus,White-footed Mouse,Mammalia,Rodentia,Myomorpha ,Cricetidae ,"Skull, mandible ",SC 1193,,,,,,,,,,,,,,,,,,
,Peromyscus leucopus,White-footed Mouse,Mammalia,Rodentia,Myomorpha ,Cricetidae ,"Skull, mandible ",SC 1194,,,,,,,,,,,,,,,,,,
,Peromyscus leucopus,White-footed Mouse,Mammalia,Rodentia,Myomorpha ,Cricetidae ,"Skull, mandible ",SC 1195,,,,,,,,,,,,,,,,,,
,Peromyscus leucopus,White-footed Mouse,Mammalia,Rodentia,Myomorpha ,Cricetidae ,"Skull, mandible ",SC 1196,Skull broken ,,,,,,,,,,,,,,,,,
,Peromyscus leucopus,White-footed Mouse,Mammalia,Rodentia,Myomorpha ,Cricetidae ,"Skull, mandible ",SC 1197,,,,,,,,,,,,,,,,,,
,Peromyscus leucopus,White-footed Mouse,Mammalia,Rodentia,Myomorpha ,Cricetidae ,"Skull, mandible ",SC 1198,Collected 3/4/1961,,,,,,,,,,,,,,,,,
,Peromyscus leucopus,White-footed Mouse,Mammalia,Rodentia,Myomorpha ,Cricetidae ,"Skull, mandible ",SC 1199,Mandible Broken ,,,,,,,,,,,,,,,,,
,Peromyscus leucopus,White-footed Mouse,Mammalia,Rodentia,Myomorpha ,Cricetidae ,"Skull, mandible ",SC 1200,,,,,,,,,,,,,,,,,,
,Peromyscus leucopus,White-footed Mouse,Mammalia,Rodentia,Myomorpha ,Cricetidae ,"Skull, mandible ",SC 1201,"Skull broken, Collected 3/4/19/61",,,,,,,,,,,,,,,,,
,Peromyscus leucopus,White-footed Mouse,Mammalia,Rodentia,Myomorpha ,Cricetidae ,"Skull, mandible ",SC 1202,Skull broken ,,,,,,,,,,,,,,,,,
,Peromyscus leucopus,White-footed Mouse,Mammalia,Rodentia,Myomorpha ,Cricetidae ,"Skull, mandible ",SC 1203,"Male specimen caught in Crum meadow, Collected 11/13/1949",,,,,,,,,,,,,,,,,
,Peromyscus leucopus,White-footed Mouse,Mammalia,Rodentia,Myomorpha ,Cricetidae ,Skull,SC 1204,,,,,,,,,,,,,,,,,,
,Peromyscus leucopus,White-footed Mouse,Mammalia,Rodentia,Myomorpha ,Cricetidae ,Skull,SC 1205,,,,,,,,,,,,,,,,,,
,Peromyscus leucopus,White-footed Mouse,Mammalia,Rodentia,Myomorpha ,Cricetidae ,"Skull, mandible ",SC 1206,Mandible broken ,,,,,,,,,,,,,,,,,
,Peromyscus leucopus,White-footed Mouse,Mammalia,Rodentia,Myomorpha ,Cricetidae ,Skull  ,SC 1207,,,,,,,,,,,,,,,,,,
,Peromyscus leucopus,White-footed Mouse,Mammalia,Rodentia,Myomorpha ,Cricetidae ,"Skull, mandible ",SC 1208,,,,,,,,,,,,,,,,,,
,Neotoma floridana,Eastern Woodrat,Mammalia,Rodentia,Myomorpha ,Cricetidae ,Skull ,SC 1227,,,,,,,,,,,,,,,,,,
,Peromyscus leucopus,White-footed Mouse,Mammalia,Rodentia,Myomorpha ,Cricetidae ,"Skull, mandible ",SC 1229,"Male Specimen, Collected 8/6/1952",,,,,,,,,,,,,,,,,
,Peromyscus leucopus,White-footed Mouse,Mammalia,Rodentia,Myomorpha ,Cricetidae ,"Skull, mandible ",SC 1230,Skull cap broken off ,,,,,,,,,,,,,,,,,
,Peromyscus leucopus,White-footed Mouse,Mammalia,Rodentia,Myomorpha ,Cricetidae ,"Skull, mandible ",SC 1231,Skull cap broken off ,,,,,,,,,,,,,,,,,
,Microtus pennsylvanicus ,Meadow Vole ,Mammalia,Rodentia,Myomorpha ,Cricetidae ,"Skull, mandible",SC 1233,,,,,,,,,,,,,,,,,,
,Microtus pennsylvanicus ,Meadow Vole ,Mammalia,Rodentia,Myomorpha ,Cricetidae ,"Skull, mandible",SC 1234,,,,,,,,,,,,,,,,,,
,Microtus pennsylvanicus ,Meadow Vole ,Mammalia,Rodentia,Myomorpha ,Cricetidae ,"Skull, mandible",SC 1235,Found in Crum Meadow 9/18/1949,,,,,,,,,,,,,,,,,
,Microtus pennsylvanicus ,Meadow Vole ,Mammalia,Rodentia,Myomorpha ,Cricetidae ,"Skull, mandible",SC 1236,,,,,,,,,,,,,,,,,,
,Microtus pennsylvanicus ,Meadow Vole ,Mammalia,Rodentia,Myomorpha ,Cricetidae ,"Skull, mandible",SC 1237,,,,,,,,,,,,,,,,,,
,Microtus pennsylvanicus ,Meadow Vole ,Mammalia,Rodentia,Myomorpha ,Cricetidae ,"Skull, mandible",SC 1238,Collected 12/13/1949,,,,,,,,,,,,,,,,,
,Microtus pennsylvanicus ,Meadow Vole ,Mammalia,Rodentia,Myomorpha ,Cricetidae ,"Skull, mandible",SC 1239,,,,,,,,,,,,,,,,,,
,Microtus pennsylvanicus ,Meadow Vole ,Mammalia,Rodentia,Myomorpha ,Cricetidae ,"Skull, mandible",SC 1240,,,,,,,,,,,,,,,,,,
,Microtus pennsylvanicus ,Meadow Vole ,Mammalia,Rodentia,Myomorpha ,Cricetidae ,"Skull, mandible",SC 1241,Male Specimen ,,,,,,,,,,,,,,,,,
,Microtus pennsylvanicus ,Meadow Vole ,Mammalia,Rodentia,Myomorpha ,Cricetidae ,"Skull, mandible",SC 1242,,,,,,,,,,,,,,,,,,
,Microtus pennsylvanicus ,Meadow Vole ,Mammalia,Rodentia,Myomorpha ,Cricetidae ,"Skull, mandible",SC 1243,,,,,,,,,,,,,,,,,,
,Microtus pennsylvanicus ,Meadow Vole ,Mammalia,Rodentia,Myomorpha ,Cricetidae ,"Skull, mandible",SC 1244,Male Specimen ,,,,,,,,,,,,,,,,,
,Microtus pennsylvanicus ,Meadow Vole ,Mammalia,Rodentia,Myomorpha ,Cricetidae ,"Skull, mandible",SC 1245,,,,,,,,,,,,,,,,,,
,Microtus pennsylvanicus ,Meadow Vole ,Mammalia,Rodentia,Myomorpha ,Cricetidae ,"Skull, mandible",SC 1246,Female Specimen ,,,,,,,,,,,,,,,,,
,Microtus pennsylvanicus ,Meadow Vole ,Mammalia,Rodentia,Myomorpha ,Cricetidae ,"Skull, mandible",SC 1247,Male Specimen ,,,,,,,,,,,,,,,,,
,Microtus pennsylvanicus ,Meadow Vole ,Mammalia,Rodentia,Myomorpha ,Cricetidae ,"Skull, mandible",SC 1248,Male Specimen ,,,,,,,,,,,,,,,,,
,Microtus pennsylvanicus ,Meadow Vole ,Mammalia,Rodentia,Myomorpha ,Cricetidae ,"Skull, mandible",SC 1249,Female Specimen ,,,,,,,,,,,,,,,,,
,Microtus pennsylvanicus ,Meadow Vole ,Mammalia,Rodentia,Myomorpha ,Cricetidae ,Skull,SC 1250,,,,,,,,,,,,,,,,,,
,Microtus pennsylvanicus ,Meadow Vole ,Mammalia,Rodentia,Myomorpha ,Cricetidae ,Skull,SC 1251,,,,,,,,,,,,,,,,,,
,Microtus pennsylvanicus ,Meadow Vole ,Mammalia,Rodentia,Myomorpha ,Cricetidae ,"Skull, mandible",SC 1252,,,,,,,,,,,,,,,,,,
,Microtus pennsylvanicus ,Meadow Vole ,Mammalia,Rodentia,Myomorpha ,Cricetidae ,"Skull, mandible",SC 1253,,,,,,,,,,,,,,,,,,
,Microtus pennsylvanicus ,Meadow Vole ,Mammalia,Rodentia,Myomorpha ,Cricetidae ,Skull,SC 1254,,,,,,,,,,,,,,,,,,
,Microtus pennsylvanicus ,Meadow Vole ,Mammalia,Rodentia,Myomorpha ,Cricetidae ,Skull,SC 1255,,,,,,,,,,,,,,,,,,
,Microtus pennsylvanicus ,Meadow Vole ,Mammalia,Rodentia,Myomorpha ,Cricetidae ,"Skull, mandible",SC 1256,,,,,,,,,,,,,,,,,,
,Microtus pennsylvanicus ,Meadow Vole ,Mammalia,Rodentia,Myomorpha ,Cricetidae ,Skull,SC 1257,,,,,,,,,,,,,,,,,,
,Microtus pennsylvanicus ,Meadow Vole ,Mammalia,Rodentia,Myomorpha ,Cricetidae ,Skull,SC 1258,,,,,,,,,,,,,,,,,,
,Microtus pennsylvanicus ,Meadow Vole ,Mammalia,Rodentia,Myomorpha ,Cricetidae ,Skull,SC 1259,Female Specimen ,,,,,,,,,,,,,,,,,
,Microtus pennsylvanicus ,Meadow Vole ,Mammalia,Rodentia,Myomorpha ,Cricetidae ,Skull,SC 1260,,,,,,,,,,,,,,,,,,
,Microtus pennsylvanicus ,Meadow Vole ,Mammalia,Rodentia,Myomorpha ,Cricetidae ,Skull,SC 1261,Female Specimen ,,,,,,,,,,,,,,,,,
,Microtus pennsylvanicus ,Meadow Vole ,Mammalia,Rodentia,Myomorpha ,Cricetidae ,Skull,SC 1262,Female Specimen. Amherst,,,,,,,,,,,,,,,,,
,Microtus pennsylvanicus ,Meadow Vole ,Mammalia,Rodentia,Myomorpha ,Cricetidae ,Skull,SC 1263,"Female Specimen, found behind fieldhouse, 12/6/1948",,,,,,,,,,,,,,,,,
,Microtus pennsylvanicus ,Meadow Vole ,Mammalia,Rodentia,Myomorpha ,Cricetidae ,"Skull, mandible",SC 1264,Female Specimen ,,,,,,,,,,,,,,,,,
,Microtus pennsylvanicus ,Meadow Vole ,Mammalia,Rodentia,Myomorpha ,Cricetidae ,Skull,SC 1265,,,,,,,,,,,,,,,,,,
,Microtus pennsylvanicus ,Meadow Vole ,Mammalia,Rodentia,Myomorpha ,Cricetidae ,"Skull, mandible",SC 1266,,,,,,,,,,,,,,,,,,
,Microtus pennsylvanicus ,Meadow Vole ,Mammalia,Rodentia,Myomorpha ,Cricetidae ,"Skull, mandible",SC 1267,,,,,,,,,,,,,,,,,,
,Microtus pennsylvanicus ,Meadow Vole ,Mammalia,Rodentia,Myomorpha ,Cricetidae ,Skull,SC 1268,Female Specimen ,,,,,,,,,,,,,,,,,
,Microtus pennsylvanicus ,Meadow Vole ,Mammalia,Rodentia,Myomorpha ,Cricetidae ,"Skull, mandible",SC 1269,,,,,,,,,,,,,,,,,,
,Microtus pennsylvanicus ,Meadow Vole ,Mammalia,Rodentia,Myomorpha ,Cricetidae ,Skull,SC 1270,,,,,,,,,,,,,,,,,,
,Microtus pennsylvanicus ,Meadow Vole ,Mammalia,Rodentia,Myomorpha ,Cricetidae ,"Skull, mandible",SC 1271,,,,,,,,,,,,,,,,,,
,Microtus pennsylvanicus ,Meadow Vole ,Mammalia,Rodentia,Myomorpha ,Cricetidae ,"Skull, mandible",SC 1272,,,,,,,,,,,,,,,,,,
,Microtus pennsylvanicus ,Meadow Vole ,Mammalia,Rodentia,Myomorpha ,Cricetidae ,Skull,SC 1273,,,,,,,,,,,,,,,,,,
,Microtus pennsylvanicus ,Meadow Vole ,Mammalia,Rodentia,Myomorpha ,Cricetidae ,"Skull, mandible",SC 1274,,,,,,,,,,,,,,,,,,
,Microtus pennsylvanicus ,Meadow Vole ,Mammalia,Rodentia,Myomorpha ,Cricetidae ,Skull,SC 1275,,,,,,,,,,,,,,,,,,
,Microtus pennsylvanicus ,Meadow Vole ,Mammalia,Rodentia,Myomorpha ,Cricetidae ,Skull,SC 1276,,,,,,,,,,,,,,,,,,
,Microtus pennsylvanicus ,Meadow Vole ,Mammalia,Rodentia,Myomorpha ,Cricetidae ,"Skull, mandible",SC 1277,Skull broken ,,,,,,,,,,,,,,,,,
,Microtus pennsylvanicus ,Meadow Vole ,Mammalia,Rodentia,Myomorpha ,Cricetidae ,"Skull, mandible",SC 1278,Skull broken off ,,,,,,,,,,,,,,,,,
,Microtus pennsylvanicus ,Meadow Vole ,Mammalia,Rodentia,Myomorpha ,Cricetidae ,"Skull, mandible",SC 1279,Skull broken off ,,,,,,,,,,,,,,,,,
,Microtus pennsylvanicus ,Meadow Vole ,Mammalia,Rodentia,Myomorpha ,Cricetidae ,"Skull, mandible",SC 1280,Skull broken off ,,,,,,,,,,,,,,,,,
,Microtus pennsylvanicus ,Meadow Vole ,Mammalia,Rodentia,Myomorpha ,Cricetidae ,Full Skeleton ,SC 1376,Skeleton disarticulated,,,,,,,,,,,,,,,,,
,Erethizon dorsatum ,North American Porcupine ,Mammalia,Rodentia,Hystricomorpha ,Erethizontidae,"Skull, mandible ",SC 1038,,,,,,,,,,,,,,,,,,
,Erethizon dorsatum ,(North American) Porcupine ,Mammalia,Rodentia,Hystricomorpha ,Erethizontidae,"Skull, mandible ",SC 1062,,,,,,,,,,,,,,,,,,
,Erethizon dorsatum ,(North American) Porcupine ,Mammalia,Rodentia,Hystricomorpha ,Erethizontidae,"Skull, mandible ",SC 1089,,,,,,,,,,,,,,,,,,
,Erethizon dorsatum ,(North American) Porcupine ,Mammalia,Rodentia,Hystricomorpha ,Erethizontidae,"Skull, mandible ",SC 1137,,,,,,,,,,,,,,,,,,
,Erethizon dorsatum ,(North American) Porcupine ,Mammalia,Rodentia,Hystricomorpha ,Erethizontidae,"Spinal Column, Pelvis",SC 1366,Vertebrae are articulated to pelvic bones,,,,,,,,,,,,,,,,,
,Dipodomys spectablis ,Banner-tailed Kangaroo Rats ,Mammalia,Rodentia,Castorimorpha,Heteromyidae,"Skull, mandible, postcranila bones ",SC 1171,"Postcranial bones: scapula, humerus (2), femur, tibia, and fibula ",,,,,,,,,,,,,,,,,
,Dipodomys agilis,Agile Kangaroo Rat,Mammalia,Rodentia,Castorimorpha,Heteromyidae,"Skull, mandible ",SC 1172,,,,,,,,,,,,,,,,,,
,Dipodomys agilis,Agile Kangaroo Rat,Mammalia,Rodentia,Castorimorpha,Heteromyidae,"Skull, mandible ",SC 1173,,,,,,,,,,,,,,,,,,
,Dipodomys agilis,Agile Kangaroo Rat,Mammalia,Rodentia,Castorimorpha,Heteromyidae,"Skull, mandible ",SC 1174,,,,,,,,,,,,,,,,,,
,Dipodomys agilis,Agile Kangaroo Rat,Mammalia,Rodentia,Castorimorpha,Heteromyidae,"Skull, mandible ",SC 1175,,,,,,,,,,,,,,,,,,
,Dipodomys agilis,Agile Kangaroo Rat,Mammalia,Rodentia,Castorimorpha,Heteromyidae,"Skull, mandible ",SC 1176,,,,,,,,,,,,,,,,,,
,Dipodomys agilis,Agile Kangaroo Rat,Mammalia,Rodentia,Castorimorpha,Heteromyidae,"Skull, mandible ",SC 1177,,,,,,,,,,,,,,,,,,
,Dipodomys agilis,Agile Kangaroo Rat,Mammalia,Rodentia,Castorimorpha,Heteromyidae,"Skull, mandible ",SC 1178,,,,,,,,,,,,,,,,,,
,Dipodomys agilis,Agile Kangaroo Rat,Mammalia,Rodentia,Castorimorpha,Heteromyidae,"Skull, mandible ",SC 1179,,,,,,,,,,,,,,,,,,
,Dipodomys ingens,Giant Kanagroo Rat,Mammalia,Rodentia,Castorimorpha,Heteromyidae,"Skull, mandible ",SC 1180,,,,,,,,,,,,,,,,,,
,Dipodomys ingens,Giant Kanagroo Rat,Mammalia,Rodentia,Castorimorpha,Heteromyidae,"Skull, mandible ",SC 1181,,,,,,,,,,,,,,,,,,
,Dipodomys ingens,Giant Kanagroo Rat,Mammalia,Rodentia,Castorimorpha,Heteromyidae,"Skull, mandible ",SC 1182,,,,,,,,,,,,,,,,,,
,Mus musculus ,House mouse ,Mammalia,Rodentia,Myomorpha ,Muridae,"Skull, mandible, paw",SC 1209,"Pregnant female, contained 10 embryos, found in Crum meadow, collected 10/18/1949",,,,,,,,,,,,,,,,,
,Mus musculus ,House mouse ,Mammalia,Rodentia,Myomorpha ,Muridae,"Skull, mandible, foot ",SC 1210,,,,,,,,,,,,,,,,,,
,Mus musculus ,House mouse ,Mammalia,Rodentia,Myomorpha ,Muridae,"Skull, mandible",SC 1211,,,,,,,,,,,,,,,,,,
,Mus musculus ,House mouse ,Mammalia,Rodentia,Myomorpha ,Muridae,"Skull, mandible",SC 1212,,,,,,,,,,,,,,,,,,
,Mus musculus ,House mouse ,Mammalia,Rodentia,Myomorpha ,Muridae,"Skull, mandible",SC 1213,,,,,,,,,,,,,,,,,,
,Mus musculus ,House mouse ,Mammalia,Rodentia,Myomorpha ,Muridae,"Skull, mandible",SC 1214,"Male specimen, Collected 10/09/1949",,,,,,,,,,,,,,,,,
,Mus musculus ,House mouse ,Mammalia,Rodentia,Myomorpha ,Muridae,Skull ,SC 1215,,,,,,,,,,,,,,,,,,
,Mus musculus ,House mouse ,Mammalia,Rodentia,Myomorpha ,Muridae,Skull ,SC 1216,,,,,,,,,,,,,,,,,,
,Mus musculus ,House mouse ,Mammalia,Rodentia,Myomorpha ,Muridae,Skull ,SC 1217,Rostrum broken off. Species determination uncertain ,,,,,,,,,,,,,,,,,
,Mus musculus ,House mouse ,Mammalia,Rodentia,Myomorpha ,Muridae,Skull,SC 1218,Skull broken,,,,,,,,,,,,,,,,,
,Mus musculus ,House mouse ,Mammalia,Rodentia,Myomorpha ,Muridae,"Skull, mandible",SC 1232,"Skull broken, species determination uncertain ",,,,,,,,,,,,,,,,,
,Marmota monax ,(Groundhog) ,Mammalia,Rodentia,Sciuromorpha,Sciuridae,"Skull, mandible ",SC 1049,,,,,,,,,,,,,,,,,,
,Marmota monax ,(Groundhog) ,Mammalia,Rodentia,Sciuromorpha,Sciuridae,"Skull, mandible ",SC 1084,,,,,,,,,,,,,,,,,,
,Marmota monax ,(Groundhog) ,Mammalia,Rodentia,Sciuromorpha,Sciuridae,Skull ,SC 1085,,,,,,,,,,,,,,,,,,
,Marmota monax ,(Groundhog) ,Mammalia,Rodentia,Sciuromorpha,Sciuridae,"Skull, mandible ",SC 1086,,,,,,,,,,,,,,,,,,
,Marmota monax ,(Groundhog) ,Mammalia,Rodentia,Sciuromorpha,Sciuridae,"Skull, mandible ",SC 1087,Rostrum broken ,,,,,,,,,,,,,,,,,
,Marmota monax ,(Groundhog) ,Mammalia,Rodentia,Sciuromorpha,Sciuridae,"Skull, mandible ",SC 1088,"Premaxillary, occipital browken ",,,,,,,,,,,,,,,,,
,Sciurus niger,Eastern Fox Squirrel ,Mammalia,Rodentia,Sciuromorpha,Sciuridae,"Skull, mandible ",SC 1103,,,,,,,,,,,,,,,,,,
,Sciurus carolinensis,Gray Squirrel,Mammalia,Rodentia,Sciuromorpha,Sciuridae,"Skull, mandible ",SC 1104,,,,,,,,,,,,,,,,,,
,Sciurus carolinensis,Gray Squirrel,Mammalia,Rodentia,Sciuromorpha,Sciuridae,"Skull, mandible ",SC 1105,,,,,,,,,,,,,,,,,,
,Sciurus carolinensis,Gray Squirrel,Mammalia,Rodentia,Sciuromorpha,Sciuridae,"Skull, mandible ",SC 1106,,,,,,,,,,,,,,,,,,
,Sciurus carolinensis,Gray Squirrel,Mammalia,Rodentia,Sciuromorpha,Sciuridae,"Skull, mandible ",SC 1107,,,,,,,,,,,,,,,,,,
,Sciurus griseus ,Western Gray Squirrel,Mammalia,Rodentia,Sciuromorpha,Sciuridae,Skull,SC 1108,,,,,,,,,,,,,,,,,,
,Tamias dorsalis,Cliff Chipmunk,Mammalia,Rodentia,Sciuromorpha,Sciuridae,Skull,SC 1134,,,,,,,,,,,,,,,,,,
,Tamias ,Chipmunk,Mammalia,Rodentia,Sciuromorpha,Sciuridae,"Skull, mandible ",SC 1135,,,,,,,,,,,,,,,,,,
,Tamias ,Chipmunk,Mammalia,Rodentia,Sciuromorpha,Sciuridae,Skull  ,SC 1136,,,,,,,,,,,,,,,,,,
,Urocitellus townsendii,Townsend's Ground Squirrel ,Mammalia,Rodentia,Sciuromorpha,Sciuridae,Skull ,SC 1219,,,,,,,,,,,,,,,,,,
,Urocitellus townsendii,Townsend's Ground Squirrel ,Mammalia,Rodentia,Sciuromorpha,Sciuridae,Skull ,SC 1220,,,,,,,,,,,,,,,,,,
,Tamias merriami,Merriam's Chipmunk ,Mammalia,Rodentia,Sciuromorpha,Sciuridae,Skull ,SC 1221,,,,,,,,,,,,,,,,,,
,Tamias merriami,Merriam's Chipmunk ,Mammalia,Rodentia,Sciuromorpha,Sciuridae,Skull ,SC 1222,,,,,,,,,,,,,,,,,,
,Neotamias ruficaudus,Red-tailed Chipmunk,Mammalia,Rodentia,Sciuromorpha,Sciuridae,Skull ,SC 1223,,,,,,,,,,,,,,,,,,
,Neotamias ruficaudus,Red-tailed Chipmunk,Mammalia,Rodentia,Sciuromorpha,Sciuridae,Skull ,SC 1224,Male specimen,,,,,,,,,,,,,,,,,
,Glaucomys sabrinus ,Northern Flying Squirrel,Mammalia,Rodentia,Sciuromorpha,Sciuridae,"Skull, mandible",SC 1225,Female Specimen ,,,,,,,,,,,,,,,,,
,Glaucomys sabrinus ,Northern Flying Squirrel,Mammalia,Rodentia,Sciuromorpha,Sciuridae,"Skull, mandible",SC 1226,,,,,,,,,,,,,,,,,,
,Glaucomys sabrinus ,Northern Flying Squirrel,Mammalia,Rodentia,Sciuromorpha,Sciuridae,"Skull, mandible",SC 1228,Skull cap broken off ,,,,,,,,,,,,,,,,,
,Sciurus niger,Eastern Fox Squirrel ,Mammalia,Rodentia,Sciuromorpha,Sciuridae,"Skeleton, no skull ",SC 1375,Skeleton disarticulated,,,,,,,,,,,,,,,,,
,,,Mammalia,Rodentia,,,Skull ,SC 1109,"Rostrum broken off, species determination uncertain",,,,,,,,,,,,,,,,,
,Castor canadensis,American Beaver ,Mammalia,Rodentia,Castorimorpha,Castoridae ,"Skull, mandible ",SC 2038,,,,,,,,,,,,,,,,,,
,Priodontes maximus ,Giant Armadillo ,Mammalia,Xenarthra,Cingulata,Chlamyphoridae,"Full skeleton, mounted",SC1006,,,,,,,,,,,,,,,,,,
,Choloepus hoffmanni ,Two-Toed Sloth,Mammalia,Xenarthra,(Flavoria),Choloepodidae,Skull ,SC 1080,,,,,,,,,,,,,,,,,,
,Choloepus hoffmanni ,Two-Toed Sloth,Mammalia,Xenarthra,Flavoria,Choloepodidae,"Full skeleton, mounted",SC1005,,,,,,,,,,,,,,,,,,
,Bradypus variegatus,Brown Throated Sloth,Mammalia,Xenarthra,Folivora ,Pilosa ,"Skull, mandible ",SC 1070,,,,,,,,,,,,,,,,,,
,,Rhinocerous or Elephant,Mammalia,,,,Tusk,SC 2037,,,,,,,,,,,,,,,,,,
,,,Mammalia,,,,Vertebrae ,SC 1371,Species determination uncertain ,,,,,,,,,,,,,,,,,
,,,Mammalia,,,,Vertebrae ,SC 1372,Species determination uncertain ,,,,,,,,,,,,,,,,,
,Alligator mississippiensis,American Alligator,Reptilia,Crocodylia,Eusuchia,Alligatoridae,"Skull, Mandible ",SC 1461,,,,,,,,,,,,,,,,,,
,Alligator mississippiensis,American Alligator,Reptilia,Crocodylia,Eusuchia,Alligatoridae,"Skull, Mandible ",SC 1462,,,,,,,,,,,,,,,,,,
,Alligator mississippiensis,American Alligator,Reptilia,Crocodylia,Eusuchia,Alligatoridae,"Skull, Mandible ",SC 1463,,,,,,,,,,,,,,,,,,
,Alligator mississippiensis,American Alligator,Reptilia,Crocodylia,Eusuchia,Alligatoridae,"Skull, Mandible ",SC 1464,,,,,,,,,,,,,,,,,,
,Alligator mississippiensis,American Alligator,Reptilia,Crocodylia,Eusuchia,Alligatoridae,"Skull, Mandible",SC 1465,,,,,,,,,,,,,,,,,,
,Alligator mississippiensis,American Alligator,Reptilia,Crocodylia,Eusuchia,Alligatoridae,"Skull, Mandible",SC 1466,,,,,,,,,,,,,,,,,,
,Alligator mississippiensis,American Alligator,Reptilia,Crocodylia,Eusuchia,Alligatoridae,"Skull, Mandible",SC 1467,,,,,,,,,,,,,,,,,,
,Alligator mississippiensis,American Alligator,Reptilia,Crocodylia,Eusuchia,Alligatoridae,"Skull, Mandible",SC 1468,,,,,,,,,,,,,,,,,,
,Alligator mississippiensis,American Alligator,Reptilia,Crocodylia,Eusuchia,Alligatoridae,Full Mounted Skeleton ,SC 1469,,,,,,,,,,,,,,,,,,
,Alligator mississippiensis,American Alligator,Reptilia,Crocodylia,Eusuchia,Alligatoridae,Full Mounted Skeleton ,SC 1470,,,,,,,,,,,,,,,,,,
,Alligator mississippiensis,American Alligator,Reptilia,Crocodylia,Eusuchia,Alligatoridae,Vertebrae ,SC 1471,,,,,,,,,,,,,,,,,,
,Alligator mississippiensis,American Alligator,Reptilia,Crocodylia,Eusuchia,Alligatoridae,"Skull, Mandible ",SC 1472,,,,,,,,,,,,,,,,,,
,Chelydra serpentina,Common Snapping Turtle  ,Reptilia,Testudines,Cryptodira,Chelydridae,Mounted Skeleton ,SC 1473,,,,,,,,,,,,,,,,,,
,Chelydra serpentina,Common Snapping Turtle  ,Reptilia,Testudines,Cryptodira,Chelydridae,Complete Skeleton ,SC 1476,"Skeleton is disarticulated,",,,,,,,,,,,,,,,,,
,Chelydra serpentina,Common Snapping Turtle  ,Reptilia,Testudines,Cryptodira,Chelydridae,"Skull, mandible ",SC 1477,,,,,,,,,,,,,,,,,,
,Chelydra serpentina,Common Snapping Turtle  ,Reptilia,Testudines,Cryptodira,Chelydridae,"Skull, mandible ",SC 1478,,,,,,,,,,,,,,,,,,
,Chelydra serpentina,Common Snapping Turtle  ,Reptilia,Testudines,Cryptodira,Chelydridae,"Skull, mandible ",SC 1479,,,,,,,,,,,,,,,,,,
,Chelydra serpentina,Common Snapping Turtle  ,Reptilia,Testudines,Cryptodira,Chelydridae,Mandible ,SC 1480,,,,,,,,,,,,,,,,,,
,,Sea Turtle ,Reptilia,Testudines,N/A,Cheloniidae,"Skull, mandible ",SC 1481,Species determination uncertain ,,,,,,,,,,,,,,,,,
,,Sea Turtle ,Reptilia,Testudines,N/A,Cheloniidae,"Skull, mandible ",SC 1482,Species determination uncertain ,,,,,,,,,,,,,,,,,
,Macroclemys temminckii,Alligator Snapping Turtle ,Reptilia,Testudines,Cryptodira,Chelydridae,"Skull, mandible ",SC 1483,Species determination uncertain ,,,,,,,,,,,,,,,,,
,Iguana sp. ,Iguana,Reptilia,Squamata,Iguania ,Iguanidae,"Skull, mandible ",SC 1484,Species determination uncertain ,,,,,,,,,,,,,,,,,
,,,Reptilia,Squamata,,,"Skull, mandible, vertebrae ",SC 1485,Species determination uncertain ,,,,,,,,,,,,,,,,,
,,,Reptilia,Squamata,,,"Skull, Mandible ",SC 1486,Species determination uncertain ,,,,,,,,,,,,,,,,,
,,,Reptilia,Squamata,,,"Skull, Mandible ",SC 1487,Species determination uncertain ,,,,,,,,,,,,,,,,,
,Crotalus atrox ,(Western Diamondback) Rattlesnake ,Reptilia,Squamata,Serpentes ,Viperidae,"Skull, Mandible ",SC 1488,,,,,,,,,,,,,,,,,,
,Pituophis (catenifer) sayi,Bullsnake,Reptilia,Squamata,Serpentes ,Colubridae,"Skull, Mandible",SC 1489,,,,,,,,,,,,,,,,,,
,Python sp. ,Python ,Reptilia,Squamata,Serpentes ,Pythonidae,"Skull, Mandible",SC 1490,Species determination uncertain ,,,,,,,,,,,,,,,,,
,,,Reptilia,Squamata,Serpentes ,,Full Skeleton ,SC 1491,Species determination uncertain ,,,,,,,,,,,,,,,,,
,,Sea Turtle ,Reptilia,Testudines,N/A,Cheloniidae,"Skull, mandible ",SC 2002,Species determination uncertain ,,,,,,,,,,,,,,,,,
,,Turtle ,Reptilia,Testudines,,,Fossilized Shell ,SC 2015,,,,,,,,,,,,,,,,,,
,Chelydra serpentina,Common Snapping Turtle  ,Reptilia,Testudines,Cryptodira,Chelydridae,Foot,SC 2016,"Two Broken Toes, Species determination uncertain ",,,,,,,,,,,,,,,,,
